{"A": 0.5896745666717955, "B": 0.10694676647448928, "C": 0.3033786668537152}