{"A": 0.46700741079416386, "B": 0.08469914649016559, "C": 0.24026826610006374, "D": 0.2080251766156068}