{"A": 0.3057549070711513, "B": 0.05545346618818592, "C": 0.1573062861007809, "D": 0.13619637948871616, "E": 0.3452889611511657}