{"0": 0.8344774842262268, "1": 0.8741418719291687, "2": 0.8848207592964172, "3": 0.8924484848976135, "4": 0.9046529531478882, "5": 0.8939740657806396, "6": 0.889397382736206, "7": 0.9031273722648621, "8": 0.8947368264198303, "9": 0.8939740657806396}