{"0": 0.8382914066314697, "1": 0.8489702343940735, "2": 0.8565980195999146, "3": 0.9038901329040527, "4": 0.887109100818634, "5": 0.8977879285812378, "6": 0.8909229636192322, "7": 0.8832951784133911, "8": 0.8901602029800415, "9": 0.9016018509864807}