{"0": 0.8352402448654175, "1": 0.8413425087928772, "2": 0.8253241777420044, "3": 0.9061784744262695, "4": 0.8924484848976135, "5": 0.9107551574707031, "6": 0.909229576587677, "7": 0.8993135094642639, "8": 0.9031273722648621, "9": 0.9000762701034546}