{"0": 0.8115941882133484, "1": 0.8047292232513428, "2": 0.8558352589607239, "3": 0.8306636214256287, "4": 0.8802440762519836, "5": 0.8718535304069519, "6": 0.8840579986572266, "7": 0.9000762701034546, "8": 0.906941294670105, "9": 0.8985507488250732}