{"0": 0.7658275961875916, "1": 0.8344774842262268}