{"0": 0.7726926207542419, "1": 0.7726926207542419, "2": 0.802440881729126, "3": 0.8474447131156921, "4": 0.8352402448654175, "5": 0.8535469174385071, "6": 0.865751326084137, "7": 0.8512585759162903, "8": 0.8817696571350098, "9": 0.8588863611221313}