{"0": 0.7475209832191467, "1": 0.7818459272384644, "2": 0.8199847340583801, "3": 0.8184592127799988, "4": 0.8169336318969727, "5": 0.8009153604507446, "6": 0.8146452903747559, "7": 0.8108314275741577, "8": 0.8123570084571838, "9": 0.8222730755805969}