{"0": 0.7706935405731201, "1": 0.8691275119781494, "2": 0.890380322933197, "3": 0.8601789474487305, "4": 0.927293062210083, "5": 0.899328887462616, "6": 0.9043624401092529, "7": 0.9049217104911804, "8": 0.8663311004638672, "9": 0.853467583656311}