{"0": 0.5998883843421936, "1": 0.7706473469734192, "2": 0.8487723469734192, "3": 0.80859375, "4": 0.8694196343421936, "5": 0.8962053656578064, "6": 0.9056919813156128, "7": 0.9168526530265808, "8": 0.9056919813156128, "9": 0.90234375}