{"0": 0.663493812084198, "1": 0.806830883026123, "2": 0.900335967540741, "3": 0.9283314943313599, "4": 0.9053751230239868, "5": 0.9193729162216187, "6": 0.8857782483100891, "7": 0.9182530641555786, "8": 0.8852183818817139, "9": 0.9165733456611633, "10": 0.9333706498146057, "11": 0.9434490203857422, "12": 0.9092944860458374, "13": 0.9014557600021362, "14": 0.9227323532104492, "15": 0.9053751230239868, "16": 0.935050368309021, "17": 0.9333706498146057, "18": 0.9445688724517822, "19": 0.8908174633979797}