{"0": 0.5027901530265808, "1": 0.6283482313156128, "2": 0.6534598469734192, "3": 0.7449776530265808, "4": 0.7455357313156128, "5": 0.7957589030265808, "6": 0.80078125, "7": 0.7427455186843872, "8": 0.7449776530265808, "9": 0.7790178656578064}