{"0": 0.7706935405731201, "1": 0.8691275119781494, "2": 0.890380322933197, "3": 0.8601789474487305, "4": 0.8708053827285767, "5": 0.923378050327301, "6": 0.9149888157844543, "7": 0.9116331338882446, "8": 0.9054809808731079, "9": 0.9077181220054626}