{"0": 0.7088465690612793, "1": 0.6662933826446533, "2": 0.7877939343452454, "3": 0.8650615811347961, "4": 0.8734602332115173, "5": 0.9120940566062927, "6": 0.8863381743431091, "7": 0.9087346196174622, "8": 0.914893627166748, "9": 0.9076147675514221, "10": 0.8896976709365845, "11": 0.914333701133728, "12": 0.9109742641448975, "13": 0.8661814332008362, "14": 0.8958566784858704, "15": 0.8992161154747009, "16": 0.9048152565956116, "17": 0.9182530641555786, "18": 0.893057107925415, "19": 0.8829787373542786}