{"0": 0.48828125, "1": 0.4888392984867096}