{"0": 0.6965978741645813, "1": 0.7975460290908813, "2": 0.8856664896011353, "3": 0.8851087689399719, "4": 0.8181818127632141, "5": 0.9180145263671875, "6": 0.9609593152999878, "7": 0.959286093711853, "8": 0.9425543546676636, "9": 0.9464584589004517}