{"0": 0.800334632396698, "1": 0.8968209624290466, "2": 0.8655884265899658, "3": 0.9247071743011475, "4": 0.9375348687171936, "5": 0.9241494536399841, "6": 0.9113218188285828, "7": 0.9498047828674316, "8": 0.9336307644844055, "9": 0.9308421611785889}