{"0": 0.5727830529212952, "1": 0.7278304696083069, "2": 0.8131623268127441, "3": 0.8477411866188049, "4": 0.8455103039741516, "5": 0.906302273273468, "6": 0.9057445526123047, "7": 0.8862242102622986, "8": 0.9219185709953308, "9": 0.9202454090118408}