{"0": 0.5967561602592468, "1": 0.7063758373260498, "2": 0.7902684807777405, "3": 0.8165547847747803, "4": 0.8406040072441101, "5": 0.8221476674079895, "6": 0.8344519138336182, "7": 0.8551453948020935, "8": 0.8780760765075684, "9": 0.8501118421554565}