{"0": 0.6965978741645813, "1": 0.747350811958313, "2": 0.8360289931297302, "3": 0.7958728671073914, "4": 0.901282787322998, "5": 0.8349135518074036, "6": 0.8812046647071838, "7": 0.9102063775062561, "8": 0.9035136699676514, "9": 0.901282787322998}