{"0": 0.5922818779945374, "1": 0.7578299641609192, "2": 0.8243848085403442, "3": 0.8260626196861267, "4": 0.8249440789222717, "5": 0.8450782895088196, "6": 0.7634228467941284, "7": 0.8361297249794006, "8": 0.8282997608184814, "9": 0.8601789474487305}