{"0": 0.7561383843421936, "1": 0.85546875, "2": 0.8392857313156128, "3": 0.9291294813156128, "4": 0.9380580186843872, "5": 0.9118303656578064, "6": 0.9207589030265808, "7": 0.8420758843421936, "8": 0.890625, "9": 0.88671875}