{"0": 0.4933035671710968, "1": 0.5440848469734192, "2": 0.5479910969734192, "3": 0.5334821343421936, "4": 0.5251116156578064, "5": 0.5608258843421936, "6": 0.5345982313156128, "7": 0.5502232313156128, "8": 0.5407366156578064, "9": 0.5435267686843872}