{"0": 0.5948660969734192, "1": 0.7706473469734192, "2": 0.8510044813156128, "3": 0.87890625, "4": 0.9268973469734192, "5": 0.9436383843421936, "6": 0.9503348469734192, "7": 0.92578125, "8": 0.9453125, "9": 0.9481026530265808}