{"0": 0.7818459272384644, "1": 0.8276125192642212, "2": 0.810068666934967, "3": 0.7902364730834961, "4": 0.8543096780776978, "5": 0.8550724387168884, "6": 0.8184592127799988, "7": 0.8779557347297668, "8": 0.8619374632835388, "9": 0.8840579986572266}