{"0": 0.8077803254127502, "1": 0.8977879285812378, "2": 0.8970251679420471, "3": 0.9084668159484863, "4": 0.9031273722648621, "5": 0.8764302134513855, "6": 0.9061784744262695, "7": 0.909229576587677, "8": 0.9008390307426453, "9": 0.8863462805747986}