{"0": 0.8077803254127502, "1": 0.8977879285812378, "2": 0.8970251679420471, "3": 0.9084668159484863, "4": 0.8810068368911743, "5": 0.9046529531478882, "6": 0.8749046325683594, "7": 0.9046529531478882, "8": 0.9084668159484863, "9": 0.9099923968315125}