{"0": 0.7162471413612366, "1": 0.695652186870575, "2": 0.8085430860519409, "3": 0.7909992337226868, "4": 0.7932875752449036, "5": 0.8611747026443481, "6": 0.8428680300712585, "7": 0.8726163506507874, "8": 0.8802440762519836, "9": 0.8604118824005127}