{"0": 0.8558352589607239, "1": 0.8840579986572266, "2": 0.9077040553092957, "3": 0.9084668159484863, "4": 0.9099923968315125, "5": 0.9176201224327087, "6": 0.9046529531478882, "7": 0.9107551574707031, "8": 0.9061784744262695, "9": 0.8993135094642639}