{"0": 0.7561383843421936, "1": 0.85546875, "2": 0.8392857313156128, "3": 0.9291294813156128, "4": 0.93359375, "5": 0.9358258843421936, "6": 0.9391741156578064, "7": 0.9397321343421936, "8": 0.9375, "9": 0.9481026530265808}