{"0": 0.5055803656578064, "1": 0.6556919813156128, "2": 0.7209821343421936, "3": 0.7762276530265808, "4": 0.8292410969734192, "5": 0.8911830186843872, "6": 0.8917410969734192, "7": 0.9045758843421936, "8": 0.921875, "9": 0.9079241156578064}