{"0": 0.7819297313690186, "1": 0.9023982286453247, "2": 0.8633574843406677, "3": 0.8661461472511292, "4": 0.9403234720230103, "5": 0.9380925893783569, "6": 0.9431120753288269, "7": 0.9609593152999878, "8": 0.9208031296730042, "9": 0.9609593152999878}