{"0": 0.5965401530265808, "1": 0.8264508843421936, "2": 0.9118303656578064, "3": 0.9252232313156128, "4": 0.9386160969734192, "5": 0.8515625, "6": 0.9514508843421936, "7": 0.9469866156578064, "8": 0.9157366156578064, "9": 0.9369419813156128}