{"0": 0.5764508843421936, "1": 0.8018973469734192, "2": 0.8231026530265808, "3": 0.9095982313156128, "4": 0.8722098469734192, "5": 0.9146205186843872, "6": 0.8956473469734192, "7": 0.8805803656578064, "8": 0.8984375, "9": 0.9001116156578064}